{"stat.chestOpened":9,"stat.walkOneCm":190853,"stat.useItem.minecraft.stone":1,"stat.useItem.minecraft.quartz_stairs":1,"stat.leaveGame":9,"stat.useItem.minecraft.log":4,"stat.useItem.minecraft.skull":10,"stat.jump":84,"stat.useItem.minecraft.planks":10,"stat.fallOneCm":756,"stat.crouchOneCm":5984,"stat.enderchestOpened":1,"stat.useItem.minecraft.stained_hardened_clay":2,"stat.useItem.minecraft.nether_brick_fence":1,"stat.sprintOneCm":70113,"achievement.exploreAllBiomes":{"value":0,"progress":["Jungle","Forest","Plains","Hell"]},"stat.useItem.minecraft.emerald_ore":1,"stat.useItem.minecraft.stone_slab":1,"achievement.openInventory":28,"stat.useItem.minecraft.flint_and_steel":1,"stat.damageTaken":50,"stat.flyOneCm":249977,"stat.drop":2,"stat.playOneMinute":100283,"stat.useItem.minecraft.wool":12,"stat.timeSinceDeath":100283,"stat.useItem.minecraft.sign":6}